date,airline,ch_code,num_code,dep_time,from,time_taken,stop,arr_time,to,price,class,ticket_id
2022/03/01,Air India,AI,505,10:25,Bangalore,11h 45m,1-stop,22:10,Mumbai,"6,158",economy,212
2022/03/01,Air India,AI,526,19:00,Kolkata,18h 50m,1-stop,13:50,Delhi,"43,910",business,459
2022/03/01,Air India,AI,505,10:25,Bangalore,02h 35m,non-stop ,13:00,Delhi,"32,923",business,318
2022/03/01,Air India,AI,507,6:30,Bangalore,16h 30m,1-stop,23:00,Delhi,"35,554",business,402
2022/03/02,Air India,AI,775,20:45,Kolkata,12h 10m,1-stop,8:55,Delhi,"57,939",business,472
2022/03/02,Air India,AI,526,19:00,Kolkata,23h 30m,1-stop,18:30,Delhi,"43,910",business,381
2022/03/02,Vistara,UK,876,21:35,Hyderabad,10h 30m,1-stop,8:05,Delhi,"39,555",business,342
2022/03/02,Vistara,UK,814,21:10,Bangalore,12h 35m,1-stop,9:45,Mumbai,"7,212",economy,96
2022/03/02,Air India,AI,501,13:20,Bangalore,08h 50m,1-stop,22:10,Mumbai,"6,578",economy,80
2022/03/03,Air India,AI,538,20:20,Chennai,16h 30m,1-stop,12:50,Mumbai,"49,553",business,369
2022/03/03,Vistara,UK,928,6:30,Mumbai,13h 45m,1-stop,20:15,Chennai,"57,453",business,416
2022/03/03,Vistara,UK,864,19:00,Bangalore,05h 55m,1-stop,0:55,Delhi,"42,521",business,407
2022/03/03,Vistara,UK,810,7:00,Bangalore,10h 40m,1-stop,17:40,Mumbai,"6,568",economy,237
2022/03/03,Air India,AI,503,17:50,Bangalore,24h 10m,1-stop,18:00,Mumbai,"6,158",economy,30
2022/03/03,GO FIRST,G8,805,8:15,Bangalore,15h 15m,1-stop,23:30,Mumbai,"4,807",economy,5
2022/03/04,Vistara,UK,816,11:30,Bangalore,11h 20m,1-stop,22:50,Mumbai,"6,568",economy,51
2022/03/04,GO FIRST,G8,116,7:20,Bangalore,09h 55m,1-stop,17:15,Mumbai,"6,389",economy,67
2022/03/05,Vistara,UK,816,11:30,Bangalore,12h 20m,1-stop,23:50,Mumbai,"6,568",economy,55
2022/03/05,Air India,AI,501,13:20,Bangalore,06h 40m,1-stop,20:00,Mumbai,"6,578",economy,77
2022/03/05,Vistara,UK,874,8:30,Hyderabad,09h 35m,1-stop,18:05,Delhi,"51,875",business,399
2022/03/06,Vistara,UK,876,21:35,Hyderabad,19h 20m,1-stop,16:55,Delhi,"72,774",business,264
2022/03/06,Air India,AI,9517,18:50,Bangalore,25h 10m,1-stop,20:00,Mumbai,"5,771",economy,201
2022/03/06,Vistara,UK,902,15:45,Mumbai,07h 00m,1-stop,22:45,Chennai,"61,933",business,377
2022/03/07,Air India,AI,505,10:25,Bangalore,11h 10m,1-stop,21:35,Mumbai,"6,158",economy,211
2022/03/07,Air India,AI,516,7:35,Bangalore,06h 15m,1-stop,13:50,Delhi,"35,554",business,337
2022/03/07,Air India,AI,526,19:00,Kolkata,18h 50m,1-stop,13:50,Delhi,"56,206",business,261
2022/03/07,Vistara,UK,846,8:30,Bangalore,06h 00m,1-stop,14:30,Delhi,"42,521",business,442
2022/03/07,Air India,AI,624,19:00,Delhi,02h 15m,non-stop ,21:15,Mumbai,"36,995",business,273
2022/03/07,Air India,AI,526,19:00,Kolkata,18h 50m,1-stop,13:50,Delhi,"43,910",business,440
2022/03/08,Indigo,6E,5399,12:40,Bangalore,01h 50m,1-stop,14:30,Mumbai,"2,309",economy,144
2022/03/09,Vistara,UK,832,6:55,Chennai,10h 45m,1-stop,17:40,Mumbai,"61,873",business,280
2022/03/09,GO FIRST,G8,116,7:20,Bangalore,13h 50m,1-stop,21:10,Mumbai,"6,389",economy,72
2022/03/09,Vistara,UK,814,21:10,Bangalore,14h 00m,1-stop,11:10,Mumbai,"6,568",economy,248
2022/03/09,Air India,AI,539,17:00,Chennai,16h 05m,1-stop,9:05,Mumbai,"49,553",business,418
2022/03/09,GO FIRST,G8,118,21:55,Bangalore,11h 15m,1-stop,9:10,Mumbai,"6,389",economy,69
2022/03/09,Vistara,UK,808,8:00,Bangalore,07h 00m,1-stop,15:00,Mumbai,"6,568",economy,228
2022/03/09,Air India,AI,765,20:45,Kolkata,23h 05m,1-stop,19:50,Delhi,"48,079",business,454
2022/03/10,Air India,AI,538,20:20,Chennai,21h 40m,1-stop,18:00,Mumbai,"56,943",business,258
2022/03/10,Vistara,UK,812,9:45,Bangalore,12h 15m,1-stop,22:00,Mumbai,"6,568",economy,242
2022/03/10,Air India,AI,516,7:35,Bangalore,14h 35m,1-stop,22:10,Mumbai,"5,761",economy,13
2022/03/11,Vistara,UK,810,7:00,Bangalore,12h 05m,1-stop,19:05,Mumbai,"6,568",economy,241
2022/03/11,Air India,AI,698,21:50,Hyderabad,22h 40m,1-stop,20:30,Delhi,"39,499",business,490
2022/03/11,Vistara,UK,850,19:55,Bangalore,05h 00m,1-stop,0:55,Delhi,"42,521",business,313
2022/03/11,Vistara,UK,876,21:35,Hyderabad,10h 30m,1-stop,8:05,Delhi,"39,555",business,449
2022/03/11,GO FIRST,G8,790,14:00,Bangalore,06h 20m,1-stop,20:20,Mumbai,"6,863",economy,102
2022/03/11,GO FIRST,G8,801,5:30,Bangalore,14h 45m,1-stop,20:15,Mumbai,"4,663",economy,195
2022/03/11,GO FIRST,G8,285,15:45,Bangalore,03h 55m,1-stop,19:40,Mumbai,"4,096",economy,181
2022/03/12,Vistara,UK,866,21:40,Bangalore,10h 25m,1-stop,8:05,Delhi,"42,521",business,388
2022/03/12,Vistara,UK,970,8:45,Mumbai,07h 35m,1-stop,16:20,Chennai,"64,173",business,446
2022/03/12,Vistara,UK,874,8:30,Hyderabad,06h 00m,1-stop,14:30,Delhi,"39,555",business,444
2022/03/12,Vistara,UK,802,18:50,Bangalore,13h 05m,1-stop,7:55,Mumbai,"6,568",economy,57
2022/03/12,GO FIRST,G8,791,20:00,Bangalore,11h 45m,1-stop,7:45,Mumbai,"6,863",economy,103
2022/03/12,Vistara,UK,816,11:30,Bangalore,10h 30m,1-stop,22:00,Mumbai,"6,568",economy,236
2022/03/12,Vistara,UK,867,12:45,Bangalore,26h 00m,1-stop,14:45,Mumbai,"7,206",economy,90
2022/03/12,Vistara,UK,706,13:40,Delhi,07h 55m,1-stop,21:35,Mumbai,"36,577",business,328
2022/03/12,Air India,AI,508,13:05,Hyderabad,07h 30m,1-stop,20:35,Delhi,"44,583",business,434
2022/03/13,Indigo,6E,131,7:20,Bangalore,07h 25m,1-stop,14:45,Mumbai,"3,153",economy,163
2022/03/13,Air India,AI,440,6:10,Chennai,15h 25m,1-stop,21:35,Mumbai,"49,553",business,378
2022/03/13,Air India,AI,503,17:50,Bangalore,17h 25m,1-stop,11:15,Mumbai,"6,158",economy,26
2022/03/13,Air India,AI,505,10:25,Bangalore,11h 45m,1-stop,22:10,Mumbai,"6,158",economy,23
2022/03/13,Vistara,UK,954,6:00,Mumbai,10h 20m,1-stop,16:20,Chennai,"49,613",business,401
2022/03/13,Air India,AI,424,13:30,Kolkata,19h 55m,1-stop,9:25,Delhi,"43,305",business,277
2022/03/13,Air India,AI,539,17:00,Chennai,27h 00m,1-stop,20:00,Mumbai,"49,553",business,408
2022/03/14,Indigo,6E,841,14:50,Bangalore,05h 55m,1-stop,20:45,Mumbai,"3,153",economy,155
2022/03/14,Air India,AI,516,7:35,Bangalore,15h 25m,1-stop,23:00,Delhi,"35,554",business,457
2022/03/14,Vistara,UK,808,8:00,Bangalore,08h 30m,1-stop,16:30,Mumbai,"6,568",economy,43
2022/03/14,Indigo,6E,886,9:20,Bangalore,07h 15m,1-stop,16:35,Mumbai,"3,153",economy,162
2022/03/15,Air India,AI,526,19:00,Kolkata,23h 30m,1-stop,18:30,Delhi,"49,510",business,265
2022/03/15,Vistara,UK,878,12:55,Hyderabad,19h 10m,1-stop,8:05,Delhi,"39,555",business,297
2022/03/15,Vistara,UK,772,10:25,Kolkata,07h 40m,1-stop,18:05,Delhi,"66,063",business,497
2022/03/15,Air India,AI,526,19:00,Kolkata,18h 50m,1-stop,13:50,Delhi,"43,910",business,341
2022/03/15,Vistara,UK,836,10:45,Chennai,06h 55m,1-stop,17:40,Mumbai,"61,873",business,453
2022/03/16,Vistara,UK,846,8:30,Bangalore,01h 45m,1-stop,10:15,Mumbai,"2,150",economy,107
2022/03/16,Air India,AI,774,20:30,Mumbai,20h 35m,1-stop,17:05,Chennai,"51,117",business,481
2022/03/16,Vistara,UK,657,11:30,Bangalore,10h 05m,1-stop,21:35,Mumbai,"6,332",economy,18
2022/03/16,Air India,AI,508,13:05,Hyderabad,10h 50m,1-stop,23:55,Delhi,"44,583",business,292
2022/03/17,GO FIRST,G8,116,7:20,Bangalore,14h 35m,1-stop,21:55,Mumbai,"6,389",economy,73
2022/03/17,Indigo,6E,357,22:55,Bangalore,07h 40m,1-stop,6:35,Mumbai,"3,153",economy,166
2022/03/17,Vistara,UK,832,6:55,Chennai,15h 05m,1-stop,22:00,Mumbai,"69,713",business,358
2022/03/17,Air India,AI,505,10:25,Bangalore,23h 45m,1-stop,10:10,Mumbai,"6,158",economy,29
2022/03/18,Air India,AI,732,13:00,Kolkata,07h 55m,1-stop,20:55,Delhi,"32,881",business,344
2022/03/18,Vistara,UK,852,9:30,Bangalore,05h 00m,1-stop,14:30,Delhi,"42,521",business,487
2022/03/18,Air India,AI,430,9:55,Chennai,11h 20m,1-stop,21:15,Mumbai,"49,553",business,294
2022/03/18,Air India,AI,525,6:00,Hyderabad,27h 15m,1-stop,9:15,Delhi,"47,586",business,419
2022/03/18,Air India,AI,503,17:50,Bangalore,15h 15m,1-stop,9:05,Mumbai,"6,158",economy,213
2022/03/18,Air India,AI,503,17:50,Bangalore,16h 20m,1-stop,10:10,Mumbai,"6,158",economy,25
2022/03/18,Vistara,UK,808,8:00,Bangalore,07h 00m,1-stop,15:00,Mumbai,"6,568",economy,39
2022/03/18,Air India,AI,698,22:15,Hyderabad,12h 55m,1-stop,11:10,Delhi,"39,499",business,469
2022/03/19,Vistara,UK,818,19:40,Bangalore,12h 15m,1-stop,7:55,Mumbai,"6,568",economy,54
2022/03/19,Vistara,UK,801,9:05,Delhi,11h 10m,1-stop,20:15,Mumbai,"76,768",business,286
2022/03/19,AirAsia,I5,996,19:25,Bangalore,11h 10m,1-stop,6:35,Mumbai,"2,203",economy,140
2022/03/19,GO FIRST,G8,803,18:50,Bangalore,07h 10m,1-stop,2:00,Mumbai,"4,354",economy,187
2022/03/19,Air India,AI,808,21:00,Bangalore,12h 05m,1-stop,9:05,Mumbai,"6,578",economy,82
2022/03/19,Indigo,6E,5323,8:05,Bangalore,01h 50m,1-stop,9:55,Mumbai,"2,309",economy,143
2022/03/20,SpiceJet,SG,3027,5:45,Bangalore,09h 00m,1-stop,14:45,Mumbai,"3,990",economy,178
2022/03/20,Air India,AI,673,7:55,Mumbai,11h 45m,1-stop,19:40,Chennai,"51,117",business,396
2022/03/20,GO FIRST,G8,7548,19:00,Bangalore,01h 40m,1-stop,20:40,Mumbai,"2,201",economy,118
2022/03/20,Vistara,UK,810,7:00,Bangalore,07h 00m,1-stop,14:00,Mumbai,"6,568",economy,227
2022/03/20,Air India,AI,808,21:00,Bangalore,14h 15m,1-stop,11:15,Mumbai,"6,578",economy,85
2022/03/20,Air India,AI,531,20:00,Delhi,24h 45m,1-stop,20:45,Mumbai,"31,462",business,317
2022/03/20,Vistara,UK,985,19:50,Delhi,02h 10m,non-stop ,22:00,Mumbai,"50,264",business,253
2022/03/20,Vistara,UK,838,21:05,Chennai,14h 30m,1-stop,11:35,Mumbai,"56,273",business,428
2022/03/20,Vistara,UK,814,21:10,Bangalore,14h 25m,1-stop,11:35,Mumbai,"6,568",economy,251
2022/03/21,Vistara,UK,774,20:35,Kolkata,20h 10m,1-stop,16:45,Delhi,"75,393",business,255
2022/03/21,Vistara,UK,866,21:40,Bangalore,01h 45m,1-stop,23:25,Mumbai,"2,150",economy,109
2022/03/21,Vistara,UK,850,19:55,Bangalore,05h 00m,1-stop,0:55,Delhi,"42,521",business,352
2022/03/21,AirAsia,I5,741,11:20,Bangalore,10h 55m,1-stop,22:15,Mumbai,"3,385",economy,168
2022/03/21,Air India,AI,507,6:30,Bangalore,12h 00m,1-stop,18:30,Delhi,"35,554",business,363
2022/03/21,Vistara,UK,836,10:45,Chennai,08h 20m,1-stop,19:05,Mumbai,"57,393",business,284
2022/03/21,Vistara,UK,808,8:00,Bangalore,14h 00m,1-stop,22:00,Mumbai,"6,568",economy,58
2022/03/21,Vistara,UK,838,21:05,Chennai,12h 40m,1-stop,9:45,Mumbai,"64,113",business,270
2022/03/22,Vistara,UK,613,12:15,Mumbai,10h 30m,2+stop,22:45,Chennai,"64,879",business,499
2022/03/22,Vistara,UK,812,9:45,Bangalore,09h 20m,1-stop,19:05,Mumbai,"6,568",economy,233
2022/03/22,Vistara,UK,836,10:45,Chennai,08h 20m,1-stop,19:05,Mumbai,"57,393",business,413
2022/03/22,AirAsia,I5,749,22:25,Bangalore,08h 10m,1-stop,6:35,Mumbai,"2,203",economy,138
2022/03/23,Air India,AI,430,9:55,Chennai,12h 15m,1-stop,22:10,Mumbai,"49,553",business,443
2022/03/23,Air India,AI,526,19:00,Kolkata,23h 30m,1-stop,18:30,Delhi,"43,910",business,450
2022/03/23,Vistara,UK,812,9:45,Bangalore,13h 05m,1-stop,22:50,Mumbai,"6,568",economy,56
2022/03/23,Vistara,UK,706,13:40,Delhi,07h 55m,1-stop,21:35,Mumbai,"36,577",business,350
2022/03/23,Air India,AI,804,6:10,Bangalore,06h 40m,1-stop,12:50,Mumbai,"6,578",economy,76
2022/03/23,Air India,AI,507,8:40,Hyderabad,07h 35m,1-stop,16:15,Delhi,"37,846",business,379
2022/03/23,AirAsia,I5,1451,5:40,Bangalore,13h 55m,1-stop,19:35,Mumbai,"2,203",economy,141
2022/03/24,Indigo,6E,6067,16:20,Bangalore,07h 05m,1-stop,23:25,Mumbai,"3,153",economy,160
2022/03/24,GO FIRST,G8,118,21:55,Bangalore,06h 20m,1-stop,4:15,Mumbai,"6,389",economy,64
2022/03/24,Indigo,6E,638,19:20,Bangalore,04h 05m,1-stop,23:25,Mumbai,"3,153",economy,147
2022/03/24,Air India,AI,640,6:45,Bangalore,01h 50m,1-stop,8:35,Mumbai,"2,208",economy,132
2022/03/25,Vistara,UK,866,21:40,Bangalore,10h 25m,1-stop,8:05,Delhi,"42,521",business,285
2022/03/25,Air India,AI,773,17:15,Kolkata,06h 30m,1-stop,23:45,Delhi,"53,743",business,400
2022/03/25,Air India,AI,573,12:50,Bangalore,10h 10m,1-stop,23:00,Delhi,"52,586",business,432
2022/03/25,Vistara,UK,897,7:55,Bangalore,15h 05m,1-stop,23:00,Mumbai,"4,792",economy,192
2022/03/25,Vistara,UK,810,7:00,Bangalore,08h 00m,1-stop,15:00,Mumbai,"6,568",economy,42
2022/03/25,Vistara,UK,852,9:30,Bangalore,05h 00m,1-stop,14:30,Delhi,"42,521",business,462
2022/03/25,Indigo,6E,5365,7:00,Bangalore,01h 50m,1-stop,8:50,Mumbai,"2,201",economy,120
2022/03/25,Vistara,UK,838,21:05,Chennai,15h 30m,1-stop,12:35,Mumbai,"61,873",business,304
2022/03/26,Air India,AI,610,19:10,Bangalore,24h 10m,1-stop,19:20,Delhi,"42,521",business,392
2022/03/26,Air India,AI,505,10:25,Bangalore,23h 45m,1-stop,10:10,Mumbai,"6,158",economy,218
2022/03/26,GO FIRST,G8,812,22:15,Bangalore,13h 50m,1-stop,12:05,Mumbai,"4,299",economy,186
2022/03/27,Vistara,UK,864,19:00,Bangalore,01h 45m,1-stop,20:45,Mumbai,"2,150",economy,108
2022/03/27,Vistara,UK,820,17:50,Bangalore,14h 05m,1-stop,7:55,Mumbai,"6,568",economy,250
2022/03/27,Air India,AI,9517,18:50,Bangalore,26h 45m,1-stop,21:35,Mumbai,"5,771",economy,203
2022/03/27,Vistara,UK,950,21:55,Mumbai,22h 20m,1-stop,20:15,Chennai,"61,933",business,356
2022/03/27,Vistara,UK,878,12:55,Hyderabad,12h 00m,1-stop,0:55,Delhi,"39,555",business,281
2022/03/28,Vistara,UK,832,6:55,Chennai,15h 05m,1-stop,22:00,Mumbai,"69,713",business,390
2022/03/28,Vistara,UK,940,19:45,Mumbai,24h 30m,1-stop,20:15,Chennai,"64,173",business,436
2022/03/28,Air India,AI,507,8:40,Hyderabad,07h 35m,1-stop,16:15,Delhi,"37,846",business,330
2022/03/28,Vistara,UK,808,8:00,Bangalore,02h 40m,non-stop ,10:40,Delhi,"32,923",business,467
2022/03/28,Vistara,UK,838,21:05,Chennai,22h 00m,1-stop,19:05,Mumbai,"57,393",business,463
2022/03/29,Vistara,UK,820,17:50,Bangalore,14h 05m,1-stop,7:55,Mumbai,"6,568",economy,61
2022/03/29,Indigo,6E,841,14:50,Bangalore,04h 55m,1-stop,19:45,Mumbai,"4,806",economy,4
2022/03/29,Air India,AI,698,22:15,Hyderabad,22h 10m,1-stop,20:25,Delhi,"39,499",business,409
2022/03/30,Vistara,UK,814,21:10,Bangalore,02h 35m,non-stop ,23:45,Delhi,"32,923",business,347
2022/03/30,Vistara,UK,808,8:00,Bangalore,13h 15m,1-stop,21:15,Mumbai,"7,212",economy,98
2022/03/30,Vistara,UK,867,12:45,Bangalore,11h 55m,1-stop,0:40,Delhi,"48,298",business,397
2022/03/31,Air India,AI,610,19:10,Bangalore,23h 05m,1-stop,18:15,Delhi,"42,521",business,303
2022/03/31,Air India,AI,738,11:50,Bangalore,12h 05m,1-stop,23:55,Delhi,"39,847",business,417
2022/03/31,Air India,AI,738,11:50,Bangalore,05h 35m,1-stop,17:25,Mumbai,"5,290",economy,198
2022/04/01,Air India,AI,616,8:25,Hyderabad,09h 55m,1-stop,18:20,Delhi,"39,499",business,496
2022/04/01,Vistara,UK,810,7:00,Bangalore,12h 05m,1-stop,19:05,Mumbai,"6,568",economy,52
2022/04/01,Air India,AI,538,20:20,Chennai,13h 50m,1-stop,10:10,Mumbai,"49,553",business,364
2022/04/01,Air India,AI,531,20:00,Delhi,24h 45m,1-stop,20:45,Mumbai,"37,286",business,257
2022/04/01,Vistara,UK,802,18:50,Bangalore,13h 05m,1-stop,7:55,Mumbai,"6,568",economy,246
2022/04/01,Vistara,UK,812,9:45,Bangalore,07h 55m,1-stop,17:40,Mumbai,"6,568",economy,230
2022/04/01,Vistara,UK,812,9:45,Bangalore,14h 05m,1-stop,23:50,Mumbai,"6,568",economy,249
2022/04/02,Air India,AI,698,22:15,Hyderabad,10h 55m,1-stop,9:10,Delhi,"39,499",business,326
2022/04/02,Indigo,6E,6464,4:30,Bangalore,01h 40m,1-stop,6:10,Mumbai,"2,201",economy,114
2022/04/02,Indigo,6E,7227,6:05,Bangalore,07h 40m,1-stop,13:45,Mumbai,"3,153",economy,164
2022/04/02,Air India,AI,516,7:35,Bangalore,14h 00m,1-stop,21:35,Mumbai,"5,761",economy,12
2022/04/02,Air India,AI,503,17:50,Bangalore,27h 25m,1-stop,21:15,Mumbai,"6,158",economy,32
2022/04/03,Air India,AI,765,17:15,Kolkata,19h 45m,1-stop,13:00,Delhi,"48,079",business,361
2022/04/04,Vistara,UK,810,7:00,Bangalore,09h 30m,1-stop,16:30,Mumbai,"6,568",economy,45
2022/04/04,GO FIRST,G8,399,22:00,Bangalore,01h 55m,1-stop,23:55,Mumbai,"2,201",economy,124
2022/04/04,Vistara,UK,818,19:40,Bangalore,14h 05m,1-stop,9:45,Mumbai,"7,212",economy,99
2022/04/04,Indigo,6E,6212,10:55,Bangalore,04h 10m,1-stop,15:05,Mumbai,"3,153",economy,148
2022/04/04,Vistara,UK,772,10:25,Kolkata,10h 15m,1-stop,20:40,Delhi,"68,303",business,331
2022/04/04,Air India,AI,698,22:15,Hyderabad,12h 00m,1-stop,10:15,Delhi,"39,499",business,414
2022/04/05,Vistara,UK,960,11:55,Mumbai,08h 20m,1-stop,20:15,Chennai,"61,933",business,367
2022/04/05,Air India,AI,804,6:10,Bangalore,11h 50m,1-stop,18:00,Mumbai,"6,578",economy,81
2022/04/05,Air India,AI,732,13:00,Kolkata,23h 15m,1-stop,12:15,Delhi,"53,743",business,334
2022/04/05,Vistara,UK,816,11:30,Bangalore,07h 35m,1-stop,19:05,Mumbai,"6,568",economy,40
2022/04/05,Air India,AI,773,17:15,Kolkata,17h 30m,1-stop,10:45,Delhi,"53,743",business,296
2022/04/05,Air India,AI,773,17:15,Kolkata,06h 30m,1-stop,23:45,Delhi,"53,743",business,470
2022/04/05,Vistara,UK,834,17:25,Chennai,18h 10m,1-stop,11:35,Mumbai,"56,273",business,495
2022/04/05,Air India,AI,503,17:50,Bangalore,26h 10m,1-stop,20:00,Mumbai,"6,158",economy,220
2022/04/05,Air India,AI,808,21:00,Bangalore,13h 10m,1-stop,10:10,Mumbai,"6,578",economy,83
2022/04/05,Air India,AI,698,22:15,Hyderabad,10h 55m,1-stop,9:10,Delhi,"39,499",business,370
2022/04/06,Air India,AI,539,17:00,Chennai,27h 00m,1-stop,20:00,Mumbai,"49,553",business,353
2022/04/06,Air India,AI,505,10:25,Bangalore,11h 10m,1-stop,21:35,Mumbai,"6,158",economy,22
2022/04/06,Vistara,UK,970,8:45,Mumbai,14h 00m,1-stop,22:45,Chennai,"64,173",business,411
2022/04/06,Vistara,UK,808,8:00,Bangalore,14h 00m,1-stop,22:00,Mumbai,"6,568",economy,247
2022/04/06,Vistara,UK,850,19:55,Bangalore,01h 55m,1-stop,21:50,Mumbai,"2,150",economy,112
2022/04/07,Air India,AI,516,7:35,Bangalore,25h 20m,1-stop,8:55,Delhi,"35,554",business,494
2022/04/07,Vistara,UK,960,11:55,Mumbai,08h 20m,1-stop,20:15,Chennai,"69,885",business,431
2022/04/07,Indigo,6E,309,19:50,Bangalore,04h 50m,1-stop,0:40,Mumbai,"3,957",economy,173
2022/04/07,Air India,AI,804,6:10,Bangalore,13h 50m,1-stop,20:00,Mumbai,"6,578",economy,84
2022/04/07,Vistara,UK,812,9:45,Bangalore,10h 20m,1-stop,20:05,Mumbai,"7,212",economy,93
2022/04/08,Air India,AI,698,22:15,Hyderabad,12h 30m,1-stop,10:45,Delhi,"39,499",business,307
2022/04/08,Indigo,6E,113,9:50,Bangalore,05h 50m,1-stop,15:40,Mumbai,"2,201",economy,129
2022/04/09,Air India,AI,479,21:15,Delhi,17h 45m,1-stop,15:00,Mumbai,"50,669",business,254
2022/04/09,Vistara,UK,876,21:35,Hyderabad,22h 10m,1-stop,19:45,Delhi,"47,395",business,365
2022/04/09,SpiceJet,SG,3027,5:45,Bangalore,24h 55m,1-stop,6:40,Mumbai,"3,990",economy,179
2022/04/10,Vistara,UK,838,21:05,Chennai,20h 35m,1-stop,17:40,Mumbai,"61,873",business,423
2022/04/10,Indigo,6E,309,19:50,Bangalore,07h 05m,1-stop,2:55,Mumbai,"3,153",economy,161
2022/04/10,Vistara,UK,834,17:10,Chennai,05h 40m,1-stop,22:50,Mumbai,"49,553",business,319
2022/04/10,Vistara,UK,986,22:45,Mumbai,21h 30m,1-stop,20:15,Chennai,"49,613",business,492
2022/04/10,Vistara,UK,810,7:00,Bangalore,08h 00m,1-stop,15:00,Mumbai,"6,568",economy,231
2022/04/11,Vistara,UK,637,17:10,Delhi,17h 50m,1-stop,11:00,Mumbai,"36,577",business,329
2022/04/11,Air India,AI,526,19:00,Kolkata,18h 50m,1-stop,13:50,Delhi,"43,910",business,308
2022/04/11,Vistara,UK,878,12:55,Hyderabad,10h 05m,1-stop,23:00,Delhi,"51,875",business,429
2022/04/11,Vistara,UK,816,11:30,Bangalore,07h 35m,1-stop,19:05,Mumbai,"6,568",economy,229
2022/04/11,Vistara,UK,864,19:00,Bangalore,05h 55m,1-stop,0:55,Delhi,"42,521",business,357
2022/04/12,Vistara,UK,852,9:30,Bangalore,01h 55m,1-stop,11:25,Mumbai,"2,150",economy,111
2022/04/12,GO FIRST,G8,7559,15:30,Bangalore,16h 15m,1-stop,7:45,Mumbai,"7,317",economy,104
2022/04/12,GO FIRST,G8,385,5:45,Bangalore,01h 35m,1-stop,7:20,Mumbai,"2,201",economy,113
2022/04/12,GO FIRST,G8,116,7:20,Bangalore,09h 15m,1-stop,16:35,Mumbai,"6,389",economy,66
2022/04/12,Air India,AI,698,22:15,Hyderabad,12h 00m,1-stop,10:15,Delhi,"44,640",business,259
2022/04/12,Vistara,UK,838,21:05,Chennai,19h 25m,1-stop,16:30,Mumbai,"49,553",business,384
2022/04/12,Vistara,UK,897,7:55,Bangalore,06h 35m,1-stop,14:30,Mumbai,"4,792",economy,190
2022/04/12,Air India,AI,732,13:00,Kolkata,21h 15m,1-stop,10:15,Delhi,"53,743",business,405
2022/04/12,Air India,AI,526,19:00,Kolkata,14h 00m,1-stop,9:00,Delhi,"43,910",business,355
2022/04/13,Air India,AI,738,11:50,Bangalore,12h 05m,1-stop,23:55,Delhi,"39,847",business,291
2022/04/13,Indigo,6E,541,9:20,Bangalore,05h 45m,1-stop,15:05,Mumbai,"3,153",economy,154
2022/04/13,Air India,AI,542,9:45,Delhi,14h 10m,1-stop,23:55,Mumbai,"44,450",business,266
2022/04/14,Indigo,6E,295,16:50,Bangalore,01h 45m,1-stop,18:35,Mumbai,"2,309",economy,142
2022/04/14,Air India,AI,516,7:35,Bangalore,12h 25m,1-stop,20:00,Mumbai,"5,761",economy,10
2022/04/14,Vistara,UK,930,7:30,Mumbai,15h 15m,1-stop,22:45,Chennai,"64,173",business,486
2022/04/14,Vistara,UK,816,11:30,Bangalore,09h 45m,1-stop,21:15,Mumbai,"7,212",economy,92
2022/04/14,Vistara,UK,858,6:40,Bangalore,01h 35m,1-stop,8:15,Mumbai,"2,150",economy,106
2022/04/14,Vistara,UK,910,17:35,Mumbai,26h 40m,1-stop,20:15,Chennai,"57,453",business,441
2022/04/14,GO FIRST,G8,116,7:20,Bangalore,11h 45m,1-stop,19:05,Mumbai,"6,389",economy,70
2022/04/14,Air India,AI,526,19:00,Kolkata,28h 00m,1-stop,23:00,Delhi,"43,910",business,465
2022/04/14,Air India,AI,503,17:50,Bangalore,02h 45m,non-stop ,20:35,Delhi,"32,923",business,473
2022/04/14,Air India,AI,773,17:15,Kolkata,17h 30m,1-stop,10:45,Delhi,"53,743",business,371
2022/04/15,Air India,AI,773,17:15,Kolkata,06h 30m,1-stop,23:45,Delhi,"53,743",business,425
2022/04/15,Air India,AI,526,19:00,Kolkata,18h 50m,1-stop,13:50,Delhi,"43,910",business,380
2022/04/15,AirAsia,I5,722,0:30,Bangalore,06h 05m,1-stop,6:35,Mumbai,"2,203",economy,135
2022/04/15,Vistara,UK,818,19:40,Bangalore,12h 15m,1-stop,7:55,Mumbai,"6,568",economy,243
2022/04/16,Air India,AI,748,2:40,Bangalore,15h 10m,1-stop,17:50,Mumbai,"5,850",economy,206
2022/04/16,Vistara,UK,867,12:45,Bangalore,26h 00m,1-stop,14:45,Mumbai,"4,007",economy,171
2022/04/16,Air India,AI,762,20:15,Delhi,23h 50m,1-stop,20:05,Mumbai,"59,033",business,343
2022/04/16,Air India,AI,743,9:55,Kolkata,05h 15m,1-stop,15:10,Delhi,"41,652",business,445
2022/04/16,GO FIRST,G8,803,18:50,Bangalore,13h 50m,1-stop,8:40,Mumbai,"5,744",economy,8
2022/04/16,Vistara,UK,816,11:30,Bangalore,06h 10m,1-stop,17:40,Mumbai,"6,568",economy,225
2022/04/16,Air India,AI,9547,19:00,Bangalore,13h 20m,1-stop,8:20,Mumbai,"3,961",economy,176
2022/04/16,Air India,AI,610,19:10,Bangalore,15h 05m,1-stop,10:15,Delhi,"42,521",business,383
2022/04/16,Air India,AI,523,6:45,Bangalore,09h 05m,1-stop,15:50,Mumbai,"4,946",economy,197
2022/04/17,Air India,AI,806,8:00,Mumbai,11h 00m,1-stop,19:00,Chennai,"49,613",business,406
2022/04/17,Vistara,UK,854,18:25,Bangalore,15h 15m,1-stop,9:40,Delhi,"65,033",business,346
2022/04/17,Vistara,UK,774,20:35,Kolkata,23h 10m,1-stop,19:45,Delhi,"61,583",business,289
2022/04/18,Vistara,UK,812,9:45,Bangalore,11h 30m,1-stop,21:15,Mumbai,"7,212",economy,94
2022/04/18,Air India,AI,441,17:50,Delhi,03h 45m,1-stop,21:35,Mumbai,"22,152",business,338
2022/04/18,Vistara,UK,878,12:55,Hyderabad,12h 00m,1-stop,0:55,Delhi,"39,555",business,351
2022/04/18,Vistara,UK,832,7:05,Chennai,13h 40m,1-stop,20:45,Mumbai,"80,566",business,488
2022/04/18,Vistara,UK,878,12:55,Hyderabad,12h 00m,1-stop,0:55,Delhi,"39,555",business,385
2022/04/19,Vistara,UK,820,17:50,Bangalore,06h 00m,1-stop,23:50,Mumbai,"6,568",economy,224
2022/04/19,Vistara,UK,836,10:45,Chennai,12h 05m,1-stop,22:50,Mumbai,"49,553",business,345
2022/04/19,Vistara,UK,951,14:20,Delhi,02h 10m,non-stop ,16:30,Mumbai,"37,048",business,268
2022/04/19,Air India,AI,732,13:00,Kolkata,07h 55m,1-stop,20:55,Delhi,"32,881",business,275
2022/04/19,Air India,AI,505,10:25,Bangalore,22h 40m,1-stop,9:05,Mumbai,"6,158",economy,217
2022/04/19,Indigo,6E,6017,18:15,Bangalore,06h 05m,1-stop,0:20,Mumbai,"3,012",economy,145
2022/04/19,GO FIRST,G8,808,14:30,Bangalore,05h 50m,1-stop,20:20,Mumbai,"6,199",economy,222
2022/04/20,Vistara,UK,950,21:55,Mumbai,22h 20m,1-stop,20:15,Chennai,"61,933",business,476
2022/04/20,Vistara,UK,820,17:50,Bangalore,06h 00m,1-stop,23:50,Mumbai,"6,568",economy,35
2022/04/20,Vistara,UK,876,21:35,Hyderabad,10h 30m,1-stop,8:05,Delhi,"39,555",business,333
2022/04/20,Vistara,UK,874,8:30,Hyderabad,16h 25m,1-stop,0:55,Delhi,"39,555",business,375
2022/04/20,Air India,AI,748,2:40,Bangalore,09h 45m,1-stop,12:25,Mumbai,"5,850",economy,205
2022/04/20,Vistara,UK,836,10:45,Chennai,08h 20m,1-stop,19:05,Mumbai,"57,393",business,468
2022/04/20,Vistara,UK,810,7:00,Bangalore,10h 40m,1-stop,17:40,Mumbai,"6,568",economy,48
2022/04/20,Air India,AI,430,9:55,Chennai,10h 05m,1-stop,20:00,Mumbai,"49,553",business,272
2022/04/20,Air India,AI,610,19:10,Bangalore,17h 05m,1-stop,12:15,Delhi,"42,521",business,311
2022/04/20,Vistara,UK,832,6:55,Chennai,16h 55m,1-stop,23:50,Mumbai,"61,873",business,398
2022/04/20,Vistara,UK,940,19:45,Mumbai,14h 10m,1-stop,9:55,Chennai,"64,173",business,471
2022/04/20,Air India,AI,546,21:15,Hyderabad,11h 40m,1-stop,8:55,Delhi,"42,724",business,484
2022/04/21,Vistara,UK,893,19:55,Bangalore,03h 05m,1-stop,23:00,Mumbai,"4,792",economy,189
2022/04/21,Vistara,UK,970,8:45,Mumbai,14h 00m,1-stop,22:45,Chennai,"64,173",business,421
2022/04/21,Air India,AI,503,17:50,Bangalore,19h 00m,1-stop,12:50,Mumbai,"6,158",economy,27
2022/04/21,Vistara,UK,910,17:35,Mumbai,22h 45m,1-stop,16:20,Chennai,"57,453",business,382
2022/04/21,Vistara,UK,808,8:00,Bangalore,11h 05m,1-stop,19:05,Mumbai,"6,568",economy,239
2022/04/21,GO FIRST,G8,118,21:55,Bangalore,14h 55m,1-stop,12:50,Mumbai,"6,389",economy,74
2022/04/21,Air India,AI,806,8:00,Mumbai,24h 55m,1-stop,8:55,Chennai,"49,613",business,493
2022/04/22,Vistara,UK,816,11:30,Bangalore,10h 30m,1-stop,22:00,Mumbai,"6,568",economy,47
2022/04/22,AirAsia,I5,1454,13:15,Bangalore,06h 20m,1-stop,19:35,Mumbai,"2,203",economy,136
2022/04/22,Air India,AI,610,19:10,Bangalore,17h 05m,1-stop,12:15,Delhi,"42,521",business,437
2022/04/22,Vistara,UK,893,19:55,Bangalore,14h 05m,1-stop,10:00,Mumbai,"4,792",economy,191
2022/04/22,Air India,AI,9517,18:50,Bangalore,27h 20m,1-stop,22:10,Mumbai,"5,771",economy,204
2022/04/22,Air India,AI,748,2:40,Bangalore,17h 25m,1-stop,20:05,Mumbai,"6,192",economy,221
2022/04/23,Vistara,UK,810,7:00,Bangalore,13h 05m,1-stop,20:05,Mumbai,"7,212",economy,97
2022/04/23,AirAsia,I5,1561,18:50,Bangalore,01h 45m,1-stop,20:35,Mumbai,"2,201",economy,119
2022/04/23,Air India,AI,503,17:50,Bangalore,16h 20m,1-stop,10:10,Mumbai,"6,158",economy,214
2022/04/23,Air India,AI,424,13:30,Kolkata,10h 25m,1-stop,23:55,Delhi,"32,062",business,420
2022/04/23,Air India,AI,560,8:10,Delhi,15h 45m,1-stop,23:55,Mumbai,"41,113",business,322
2022/04/24,Vistara,UK,812,9:45,Bangalore,12h 15m,1-stop,22:00,Mumbai,"6,568",economy,53
2022/04/24,Vistara,UK,814,21:10,Bangalore,10h 45m,1-stop,7:55,Mumbai,"6,568",economy,238
2022/04/24,Air India,AI,745,13:50,Kolkata,25h 20m,1-stop,15:10,Delhi,"41,652",business,305
2022/04/25,Vistara,UK,808,8:00,Bangalore,06h 00m,1-stop,14:00,Mumbai,"6,568",economy,34
2022/04/25,Vistara,UK,850,19:55,Bangalore,12h 10m,1-stop,8:05,Delhi,"42,521",business,336
2022/04/25,Vistara,UK,944,14:40,Mumbai,19h 15m,1-stop,9:55,Chennai,"74,365",business,387
2022/04/25,Vistara,UK,657,11:30,Bangalore,10h 05m,1-stop,21:35,Mumbai,"6,332",economy,207
2022/04/25,GO FIRST,G8,7547,10:00,Bangalore,01h 40m,1-stop,11:40,Mumbai,"2,201",economy,117
2022/04/25,Air India,AI,9547,19:00,Bangalore,05h 10m,1-stop,0:10,Mumbai,"4,276",economy,185
2022/04/26,Vistara,UK,950,21:55,Mumbai,22h 20m,1-stop,20:15,Chennai,"61,933",business,362
2022/04/27,Air India,AI,721,13:40,Kolkata,26h 35m,1-stop,16:15,Delhi,"34,354",business,298
2022/04/27,Air India,AI,765,20:45,Kolkata,26h 25m,1-stop,23:10,Delhi,"48,079",business,455
2022/04/27,Air India,AI,9517,18:50,Bangalore,18h 00m,1-stop,12:50,Mumbai,"5,771",economy,199
2022/04/27,Vistara,UK,874,8:30,Hyderabad,15h 40m,1-stop,0:10,Delhi,"51,875",business,458
2022/04/27,Vistara,UK,852,9:30,Bangalore,05h 00m,1-stop,14:30,Delhi,"42,521",business,422
2022/04/27,Air India,AI,525,6:00,Hyderabad,27h 15m,1-stop,9:15,Delhi,"47,586",business,316
2022/04/28,Air India,AI,430,9:55,Chennai,10h 05m,1-stop,20:00,Mumbai,"49,553",business,389
2022/04/28,Vistara,UK,977,19:00,Delhi,02h 15m,non-stop ,21:15,Mumbai,"40,296",business,260
2022/04/28,Air India,AI,501,13:20,Bangalore,07h 55m,1-stop,21:15,Mumbai,"6,578",economy,78
2022/04/28,Indigo,6E,5203,19:35,Bangalore,02h 00m,1-stop,21:35,Mumbai,"2,201",economy,126
2022/04/28,GO FIRST,G8,116,7:20,Bangalore,10h 15m,1-stop,17:35,Mumbai,"6,389",economy,68
2022/04/29,AirAsia,I5,972,16:25,Bangalore,10h 00m,1-stop,2:25,Mumbai,"3,385",economy,167
2022/04/29,Air India,AI,808,21:00,Bangalore,15h 50m,1-stop,12:50,Mumbai,"6,578",economy,88
2022/04/29,Vistara,UK,838,21:05,Chennai,14h 05m,1-stop,11:10,Mumbai,"93,200",business,349
2022/04/29,Air India,AI,526,19:00,Kolkata,23h 30m,1-stop,18:30,Delhi,"43,910",business,415
2022/04/29,Indigo,6E,841,14:50,Bangalore,07h 20m,1-stop,22:10,Mumbai,"2,201",economy,131
2022/04/29,Vistara,UK,834,17:25,Chennai,18h 10m,1-stop,11:35,Mumbai,"56,273",business,474
2022/04/29,GO FIRST,G8,808,11:00,Bangalore,09h 20m,1-stop,20:20,Mumbai,"6,199",economy,33
2022/04/29,Air India,AI,804,6:10,Bangalore,15h 05m,1-stop,21:15,Mumbai,"6,578",economy,86
2022/04/29,Air India,AI,503,17:50,Bangalore,26h 10m,1-stop,20:00,Mumbai,"6,158",economy,31
2022/04/29,Vistara,UK,774,20:35,Kolkata,11h 30m,1-stop,8:05,Delhi,"53,743",business,485
2022/04/30,Air India,AI,526,19:00,Kolkata,18h 50m,1-stop,13:50,Delhi,"43,910",business,320
2022/04/30,Indigo,6E,484,7:10,Bangalore,05h 05m,1-stop,12:15,Mumbai,"3,153",economy,152
2022/04/30,Indigo,6E,6257,6:10,Bangalore,06h 05m,1-stop,12:15,Mumbai,"3,153",economy,156
2022/04/30,Indigo,6E,6491,13:05,Bangalore,06h 10m,1-stop,19:15,Mumbai,"3,153",economy,157
2022/04/30,GO FIRST,G8,118,21:55,Bangalore,12h 15m,1-stop,10:10,Mumbai,"6,389",economy,71
2022/05/01,Air India,AI,9505,9:00,Bangalore,14h 05m,1-stop,23:05,Mumbai,"4,027",economy,180
2022/05/01,Vistara,UK,810,7:00,Bangalore,14h 15m,1-stop,21:15,Mumbai,"7,212",economy,100
2022/05/01,Vistara,UK,808,8:00,Bangalore,11h 05m,1-stop,19:05,Mumbai,"6,568",economy,50
2022/05/01,Air India,AI,539,17:00,Chennai,16h 05m,1-stop,9:05,Mumbai,"49,553",business,374
2022/05/01,Vistara,UK,812,9:45,Bangalore,13h 05m,1-stop,22:50,Mumbai,"6,568",economy,245
2022/05/01,Air India,AI,9517,18:50,Bangalore,25h 10m,1-stop,20:00,Mumbai,"5,771",economy,17
2022/05/01,Vistara,UK,627,13:20,Delhi,26h 40m,1-stop,16:00,Mumbai,"37,417",business,309
2022/05/01,Indigo,6E,161,13:35,Bangalore,04h 10m,1-stop,17:45,Mumbai,"4,171",economy,183
2022/05/01,Vistara,UK,808,8:00,Bangalore,09h 40m,1-stop,17:40,Mumbai,"6,568",economy,46
2022/05/01,Air India,AI,507,6:30,Bangalore,26h 30m,1-stop,9:00,Delhi,"35,554",business,293
2022/05/01,Air India,AI,526,19:00,Kolkata,28h 00m,1-stop,23:00,Delhi,"43,910",business,314
2022/05/02,AirAsia,I5,1782,20:45,Bangalore,10h 55m,1-stop,7:40,Mumbai,"2,203",economy,139
2022/05/02,Air India,AI,640,6:45,Bangalore,05h 30m,1-stop,12:15,Delhi,"42,521",business,279
2022/05/02,Air India,AI,507,8:40,Hyderabad,15h 15m,1-stop,23:55,Delhi,"37,846",business,274
2022/05/02,Vistara,UK,878,12:55,Hyderabad,19h 10m,1-stop,8:05,Delhi,"39,555",business,283
2022/05/03,Air India,AI,515,9:35,Hyderabad,06h 20m,1-stop,15:55,Delhi,"44,583",business,340
2022/05/03,Air India,AI,538,20:20,Chennai,21h 40m,1-stop,18:00,Mumbai,"49,553",business,332
2022/05/03,Vistara,UK,874,8:30,Hyderabad,16h 25m,1-stop,0:55,Delhi,"39,555",business,475
2022/05/03,Air India,AI,501,13:20,Bangalore,08h 15m,1-stop,21:35,Mumbai,"6,578",economy,79
2022/05/04,AirAsia,I5,972,16:25,Bangalore,15h 15m,1-stop,7:40,Mumbai,"3,385",economy,169
2022/05/04,Vistara,UK,877,10:45,Mumbai,09h 30m,2+stop,20:15,Chennai,"68,743",business,500
2022/05/04,GO FIRST,G8,805,8:15,Bangalore,15h 15m,1-stop,23:30,Mumbai,"4,807",economy,196
2022/05/04,Air India,AI,505,10:25,Bangalore,10h 50m,1-stop,21:15,Mumbai,"6,158",economy,210
2022/05/05,Air India,AI,505,10:25,Bangalore,09h 35m,1-stop,20:00,Mumbai,"6,158",economy,209
2022/05/05,Air India,AI,503,17:50,Bangalore,24h 10m,1-stop,18:00,Mumbai,"6,158",economy,219
2022/05/05,Air India,AI,888,19:00,Mumbai,17h 40m,1-stop,12:40,Chennai,"49,613",business,426
2022/05/05,Vistara,UK,657,11:30,Bangalore,08h 35m,1-stop,20:05,Mumbai,"8,117",economy,105
2022/05/05,Indigo,6E,5389,18:00,Bangalore,01h 50m,1-stop,19:50,Mumbai,"2,201",economy,121
2022/05/05,Vistara,UK,846,8:30,Bangalore,06h 00m,1-stop,14:30,Delhi,"42,521",business,482
2022/05/06,Air India,AI,539,17:00,Chennai,18h 15m,1-stop,11:15,Mumbai,"49,553",business,433
2022/05/06,Vistara,UK,986,22:45,Mumbai,17h 35m,1-stop,16:20,Chennai,"57,565",business,460
2022/05/06,Air India,AI,538,20:20,Chennai,13h 50m,1-stop,10:10,Mumbai,"49,553",business,339
2022/05/06,Vistara,UK,816,11:30,Bangalore,02h 40m,non-stop ,14:10,Delhi,"32,923",business,452
2022/05/06,Air India,AI,505,10:25,Bangalore,10h 50m,1-stop,21:15,Mumbai,"6,158",economy,21
2022/05/06,GO FIRST,G8,285,15:45,Bangalore,09h 35m,1-stop,1:20,Mumbai,"4,096",economy,182
2022/05/06,Air India,AI,516,7:35,Bangalore,25h 20m,1-stop,8:55,Delhi,"35,554",business,477
2022/05/07,Vistara,UK,850,19:55,Bangalore,12h 10m,1-stop,8:05,Delhi,"42,521",business,373
2022/05/07,Vistara,UK,776,17:35,Kolkata,17h 25m,1-stop,11:00,Delhi,"68,303",business,395
2022/05/08,Vistara,UK,836,10:45,Chennai,12h 05m,1-stop,22:50,Mumbai,"49,553",business,438
2022/05/08,Vistara,UK,944,14:40,Mumbai,19h 15m,1-stop,9:55,Chennai,"61,933",business,466
2022/05/08,Indigo,6E,6345,12:45,Bangalore,05h 00m,1-stop,17:45,Mumbai,"2,201",economy,128
2022/05/08,Air India,AI,503,17:50,Bangalore,19h 00m,1-stop,12:50,Mumbai,"6,158",economy,216
2022/05/08,Vistara,UK,774,20:35,Kolkata,21h 30m,1-stop,18:05,Delhi,"66,063",business,366
2022/05/09,Air India,AI,9517,18:50,Bangalore,26h 25m,1-stop,21:15,Mumbai,"5,771",economy,202
2022/05/09,Indigo,6E,807,9:50,Bangalore,06h 50m,1-stop,16:40,Mumbai,"3,153",economy,158
2022/05/09,Air India,AI,503,17:50,Bangalore,17h 25m,1-stop,11:15,Mumbai,"6,158",economy,215
2022/05/10,Air India,AI,503,17:50,Bangalore,15h 15m,1-stop,9:05,Mumbai,"6,158",economy,24
2022/05/10,Vistara,UK,874,8:30,Hyderabad,12h 10m,1-stop,20:40,Delhi,"54,115",business,464
2022/05/10,Vistara,UK,812,9:45,Bangalore,06h 45m,1-stop,16:30,Mumbai,"6,568",economy,226
2022/05/10,GO FIRST,G8,116,7:20,Bangalore,15h 55m,1-stop,23:15,Mumbai,"6,389",economy,75
2022/05/10,Vistara,UK,950,21:55,Mumbai,12h 00m,1-stop,9:55,Chennai,"74,365",business,456
2022/05/10,Vistara,UK,893,19:55,Bangalore,18h 35m,1-stop,14:30,Mumbai,"4,792",economy,1
2022/05/10,Indigo,6E,6491,13:05,Bangalore,07h 40m,1-stop,20:45,Mumbai,"3,153",economy,165
2022/05/11,Air India,AI,765,17:15,Kolkata,19h 45m,1-stop,13:00,Delhi,"48,079",business,360
2022/05/11,Vistara,UK,986,22:45,Mumbai,21h 30m,1-stop,20:15,Chennai,"57,565",business,461
2022/05/12,Vistara,UK,818,19:40,Bangalore,02h 45m,non-stop ,22:25,Delhi,"34,043",business,252
2022/05/12,Air India,AI,442,15:35,Mumbai,08h 00m,1-stop,23:35,Chennai,"49,613",business,372
2022/05/12,Air India,AI,440,6:10,Chennai,15h 25m,1-stop,21:35,Mumbai,"49,553",business,478
2022/05/12,Indigo,6E,379,9:40,Bangalore,05h 05m,1-stop,14:45,Mumbai,"3,153",economy,153
2022/05/12,Vistara,UK,847,11:10,Delhi,22h 35m,1-stop,9:45,Mumbai,"69,785",business,295
2022/05/12,Indigo,6E,131,7:20,Bangalore,04h 15m,1-stop,11:35,Mumbai,"3,153",economy,149
2022/05/12,Vistara,UK,816,11:30,Bangalore,12h 20m,1-stop,23:50,Mumbai,"6,568",economy,244
2022/05/12,Vistara,UK,838,21:05,Chennai,17h 55m,1-stop,15:00,Mumbai,"61,873",business,483
2022/05/12,Air India,AI,507,6:30,Bangalore,12h 00m,1-stop,18:30,Delhi,"35,554",business,412
2022/05/13,Air India,AI,765,14:40,Kolkata,08h 30m,1-stop,23:10,Delhi,"48,079",business,282
2022/05/13,Air India,AI,451,14:30,Delhi,25h 55m,1-stop,16:25,Mumbai,"39,622",business,335
2022/05/13,Vistara,UK,705,7:30,Delhi,12h 50m,1-stop,20:20,Mumbai,"59,033",business,302
2022/05/13,Air India,AI,698,21:50,Hyderabad,21h 20m,1-stop,19:10,Delhi,"39,499",business,489
2022/05/13,Vistara,UK,812,9:45,Bangalore,14h 05m,1-stop,23:50,Mumbai,"6,568",economy,60
2022/05/14,Air India,AI,766,8:15,Chennai,11h 50m,1-stop,20:05,Mumbai,"57,777",business,263
2022/05/14,Vistara,UK,808,8:00,Bangalore,09h 40m,1-stop,17:40,Mumbai,"6,568",economy,235
2022/05/14,Indigo,6E,6257,6:10,Bangalore,03h 55m,1-stop,10:05,Mumbai,"3,153",economy,146
2022/05/14,Air India,AI,9517,18:50,Bangalore,05h 05m,1-stop,23:55,Mumbai,"3,709",economy,172
2022/05/14,Air India,AI,505,10:25,Bangalore,07h 35m,1-stop,18:00,Mumbai,"6,158",economy,19
2022/05/14,Indigo,6E,806,17:10,Bangalore,07h 30m,1-stop,0:40,Mumbai,"3,957",economy,175
2022/05/14,GO FIRST,G8,803,18:50,Bangalore,07h 10m,1-stop,2:00,Mumbai,"5,744",economy,7
2022/05/14,Vistara,UK,810,7:00,Bangalore,09h 30m,1-stop,16:30,Mumbai,"6,568",economy,234
2022/05/14,Vistara,UK,808,8:00,Bangalore,08h 30m,1-stop,16:30,Mumbai,"6,568",economy,232
2022/05/14,Vistara,UK,852,9:30,Bangalore,10h 15m,1-stop,19:45,Delhi,"66,937",business,301
2022/05/14,Vistara,UK,814,21:10,Bangalore,14h 00m,1-stop,11:10,Mumbai,"6,568",economy,59
2022/05/15,Indigo,6E,332,21:15,Bangalore,02h 00m,1-stop,23:15,Mumbai,"2,201",economy,127
2022/05/16,Air India,AI,516,7:35,Bangalore,25h 30m,1-stop,9:05,Mumbai,"5,761",economy,14
2022/05/16,AirAsia,I5,1528,6:10,Bangalore,16h 05m,1-stop,22:15,Mumbai,"3,385",economy,170
2022/05/16,Air India,AI,525,6:00,Hyderabad,12h 00m,1-stop,18:00,Delhi,"47,586",business,394
2022/05/16,Air India,AI,9517,18:50,Bangalore,23h 10m,1-stop,18:00,Mumbai,"5,771",economy,200
2022/05/16,Air India,AI,887,7:00,Delhi,02h 05m,non-stop ,9:05,Mumbai,"22,152",business,299
2022/05/16,GO FIRST,G8,803,18:50,Bangalore,13h 50m,1-stop,8:40,Mumbai,"4,354",economy,188
2022/05/16,AirAsia,I5,1622,12:55,Bangalore,06h 40m,1-stop,19:35,Mumbai,"2,203",economy,137
2022/05/16,Vistara,UK,627,13:20,Delhi,26h 40m,1-stop,16:00,Mumbai,"37,417",business,269
2022/05/17,Air India,AI,9517,18:50,Bangalore,23h 10m,1-stop,18:00,Mumbai,"5,771",economy,16
2022/05/17,GO FIRST,G8,320,20:00,Bangalore,01h 50m,1-stop,21:50,Mumbai,"2,201",economy,122
2022/05/17,Vistara,UK,776,17:35,Kolkata,15h 00m,1-stop,8:35,Delhi,"61,583",business,435
2022/05/17,GO FIRST,G8,395,8:10,Bangalore,01h 40m,1-stop,9:50,Mumbai,"2,201",economy,116
2022/05/17,Air India,AI,429,9:50,Delhi,30h 05m,1-stop,15:55,Mumbai,"44,622",business,315
2022/05/17,Vistara,UK,802,18:50,Bangalore,14h 55m,1-stop,9:45,Mumbai,"7,212",economy,101
2022/05/17,Vistara,UK,814,21:10,Bangalore,10h 45m,1-stop,7:55,Mumbai,"6,568",economy,49
2022/05/17,Air India,AI,440,6:10,Chennai,06h 40m,1-stop,12:50,Mumbai,"49,553",business,327
2022/05/17,AirAsia,I5,339,22:45,Bangalore,01h 50m,1-stop,0:35,Mumbai,"2,201",economy,123
2022/05/18,Air India,AI,698,22:15,Hyderabad,10h 55m,1-stop,9:10,Delhi,"39,499",business,359
2022/05/18,Air India,AI,715,11:40,Kolkata,07h 00m,1-stop,18:40,Delhi,"45,012",business,325
2022/05/18,Air India,AI,698,22:15,Hyderabad,12h 00m,1-stop,10:15,Delhi,"39,499",business,306
2022/05/19,AirAsia,I5,941,5:35,Bangalore,01h 40m,1-stop,7:15,Mumbai,"2,201",economy,115
2022/05/19,Vistara,UK,852,9:30,Bangalore,05h 00m,1-stop,14:30,Delhi,"42,521",business,427
2022/05/19,Air India,AI,440,6:10,Chennai,06h 40m,1-stop,12:50,Mumbai,"49,553",business,290
2022/05/19,Air India,AI,868,18:00,Delhi,02h 00m,non-stop ,20:00,Mumbai,"22,152",business,288
2022/05/19,Vistara,UK,876,21:35,Hyderabad,22h 10m,1-stop,19:45,Delhi,"47,395",business,404
2022/05/20,Vistara,UK,774,20:35,Kolkata,17h 55m,1-stop,14:30,Delhi,"78,271",business,256
2022/05/20,Indigo,6E,161,13:35,Bangalore,06h 05m,1-stop,19:40,Mumbai,"3,957",economy,174
2022/05/20,Air India,AI,526,19:00,Kolkata,18h 50m,1-stop,13:50,Delhi,"43,910",business,271
2022/05/20,Vistara,UK,985,19:50,Delhi,02h 10m,non-stop ,22:00,Mumbai,"42,312",business,324
2022/05/20,Air India,AI,9547,19:00,Bangalore,21h 35m,1-stop,16:35,Mumbai,"3,961",economy,177
2022/05/20,Vistara,UK,812,9:45,Bangalore,06h 45m,1-stop,16:30,Mumbai,"6,568",economy,37
2022/05/20,Air India,AI,539,17:00,Chennai,18h 15m,1-stop,11:15,Mumbai,"61,649",business,312
2022/05/20,Air India,AI,515,9:35,Hyderabad,27h 25m,1-stop,13:00,Delhi,"44,583",business,267
2022/05/21,Indigo,6E,841,14:50,Bangalore,04h 55m,1-stop,19:45,Mumbai,"3,153",economy,151
2022/05/21,SpiceJet,SG,3027,5:45,Bangalore,09h 00m,1-stop,14:45,Mumbai,"4,613",economy,3
2022/05/21,Air India,AI,804,6:10,Bangalore,16h 00m,1-stop,22:10,Mumbai,"6,578",economy,89
2022/05/21,Air India,AI,765,14:40,Kolkata,22h 20m,1-stop,13:00,Delhi,"48,079",business,491
2022/05/21,Vistara,UK,876,21:35,Hyderabad,10h 30m,1-stop,8:05,Delhi,"43,430",business,287
2022/05/21,Indigo,6E,5344,22:40,Bangalore,01h 55m,1-stop,0:35,Mumbai,"2,201",economy,125
2022/05/21,Indigo,6E,161,13:35,Bangalore,04h 10m,1-stop,17:45,Mumbai,"5,012",economy,6
2022/05/21,Vistara,UK,772,10:25,Kolkata,07h 40m,1-stop,18:05,Delhi,"66,063",business,498
2022/05/21,Indigo,6E,6067,16:20,Bangalore,04h 25m,1-stop,20:45,Mumbai,"3,153",economy,150
2022/05/21,Vistara,UK,838,21:05,Chennai,19h 25m,1-stop,16:30,Mumbai,"49,553",business,403
2022/05/21,GO FIRST,G8,801,5:30,Bangalore,14h 45m,1-stop,20:15,Mumbai,"5,744",economy,9
2022/05/21,Vistara,UK,897,7:55,Bangalore,26h 05m,1-stop,10:00,Mumbai,"4,792",economy,194
2022/05/21,Vistara,UK,810,7:00,Bangalore,07h 00m,1-stop,14:00,Mumbai,"6,568",economy,38
2022/05/22,Air India,AI,440,6:10,Chennai,16h 00m,1-stop,22:10,Mumbai,"49,553",business,323
2022/05/22,Vistara,UK,814,21:10,Bangalore,14h 25m,1-stop,11:35,Mumbai,"6,568",economy,62
2022/05/22,Vistara,UK,808,8:00,Bangalore,14h 50m,1-stop,22:50,Mumbai,"6,568",economy,63
2022/05/22,Air India,AI,525,6:00,Hyderabad,12h 00m,1-stop,18:00,Delhi,"47,586",business,321
2022/05/22,Vistara,UK,878,12:55,Hyderabad,12h 00m,1-stop,0:55,Delhi,"39,555",business,479
2022/05/23,Air India,AI,507,6:30,Bangalore,26h 30m,1-stop,9:00,Delhi,"35,554",business,447
2022/05/24,SpiceJet,SG,3027,5:45,Bangalore,13h 05m,1-stop,18:50,Mumbai,"4,193",economy,184
2022/05/24,Indigo,6E,6345,12:45,Bangalore,06h 55m,1-stop,19:40,Mumbai,"3,153",economy,159
2022/05/24,Air India,AI,451,14:30,Delhi,25h 55m,1-stop,16:25,Mumbai,"39,622",business,276
2022/05/24,Vistara,UK,955,17:45,Delhi,02h 20m,non-stop ,20:05,Mumbai,"36,712",business,278
2022/05/24,Vistara,UK,876,21:35,Hyderabad,16h 55m,1-stop,14:30,Delhi,"39,555",business,451
2022/05/24,AirAsia,I5,1782,20:45,Bangalore,05h 40m,1-stop,2:25,Mumbai,"2,203",economy,134
2022/05/25,Vistara,UK,874,8:30,Hyderabad,16h 25m,1-stop,0:55,Delhi,"39,555",business,391
2022/05/25,Vistara,UK,816,11:30,Bangalore,11h 20m,1-stop,22:50,Mumbai,"6,568",economy,240
2022/05/25,Vistara,UK,897,7:55,Bangalore,26h 05m,1-stop,10:00,Mumbai,"4,792",economy,2
2022/05/25,Vistara,UK,832,6:55,Chennai,15h 55m,1-stop,22:50,Mumbai,"49,553",business,448
2022/05/25,GO FIRST,G8,116,7:20,Bangalore,08h 15m,1-stop,15:35,Mumbai,"6,389",economy,65
2022/05/25,Indigo,6E,6445,5:50,Bangalore,06h 15m,1-stop,12:05,Mumbai,"2,201",economy,130
2022/05/25,Air India,AI,505,10:25,Bangalore,07h 35m,1-stop,18:00,Mumbai,"6,158",economy,208
2022/05/25,Vistara,UK,812,9:45,Bangalore,07h 55m,1-stop,17:40,Mumbai,"6,568",economy,41
2022/05/25,Vistara,UK,774,20:35,Kolkata,17h 55m,1-stop,14:30,Delhi,"53,743",business,480
2022/05/25,Air India,AI,743,9:55,Kolkata,05h 15m,1-stop,15:10,Delhi,"41,652",business,376
2022/05/26,Air India,AI,505,10:25,Bangalore,22h 40m,1-stop,9:05,Mumbai,"6,158",economy,28
2022/05/26,Vistara,UK,812,9:45,Bangalore,09h 20m,1-stop,19:05,Mumbai,"6,568",economy,44
2022/05/26,Vistara,UK,816,11:30,Bangalore,06h 10m,1-stop,17:40,Mumbai,"6,568",economy,36
2022/05/26,Air India,AI,9517,18:50,Bangalore,18h 00m,1-stop,12:50,Mumbai,"5,771",economy,15
2022/05/26,Vistara,UK,832,6:55,Chennai,10h 45m,1-stop,17:40,Mumbai,"61,873",business,310
2022/05/27,Air India,AI,804,6:10,Bangalore,15h 25m,1-stop,21:35,Mumbai,"6,578",economy,87
2022/05/27,Vistara,UK,776,17:35,Kolkata,07h 20m,1-stop,0:55,Delhi,"53,743",business,410
2022/05/27,Vistara,UK,876,21:35,Hyderabad,10h 30m,1-stop,8:05,Delhi,"39,555",business,354
2022/05/27,Air India,AI,765,17:15,Kolkata,26h 35m,1-stop,19:50,Delhi,"48,079",business,430
2022/05/28,Air India,AI,698,22:15,Hyderabad,12h 30m,1-stop,10:45,Delhi,"39,499",business,424
2022/05/28,Air India,AI,505,10:25,Bangalore,09h 35m,1-stop,20:00,Mumbai,"6,158",economy,20
2022/05/29,Vistara,UK,808,8:00,Bangalore,12h 05m,1-stop,20:05,Mumbai,"7,212",economy,95
2022/05/29,Vistara,UK,854,18:25,Bangalore,01h 50m,1-stop,20:15,Mumbai,"2,150",economy,110
2022/05/29,Air India,AI,565,13:50,Bangalore,07h 45m,1-stop,21:35,Delhi,"37,658",business,368
2022/05/29,Vistara,UK,816,11:30,Bangalore,08h 35m,1-stop,20:05,Mumbai,"7,212",economy,91
2022/05/29,Vistara,UK,826,12:30,Chennai,02h 00m,non-stop ,14:30,Mumbai,"23,838",business,300
2022/05/29,Vistara,UK,808,8:00,Bangalore,06h 00m,1-stop,14:00,Mumbai,"6,568",economy,223
2022/05/29,Air India,AI,610,19:10,Bangalore,01h 55m,1-stop,21:05,Mumbai,"2,208",economy,133
2022/05/30,Air India,AI,516,7:35,Bangalore,13h 40m,1-stop,21:15,Mumbai,"5,761",economy,11
2022/05/30,Vistara,UK,774,20:35,Kolkata,20h 20m,1-stop,16:55,Delhi,"66,063",business,348
2022/05/31,Air India,AI,839,21:25,Delhi,26h 30m,1-stop,23:55,Mumbai,"42,770",business,262
2022/05/31,Vistara,UK,772,10:25,Kolkata,12h 00m,1-stop,22:25,Delhi,"84,756",business,386
2022/05/31,Vistara,UK,832,6:55,Chennai,16h 55m,1-stop,23:50,Mumbai,"61,873",business,393
2022/05/31,Vistara,UK,874,8:30,Hyderabad,16h 25m,1-stop,0:55,Delhi,"39,555",business,439
2022/05/31,Vistara,UK,893,19:55,Bangalore,18h 35m,1-stop,14:30,Mumbai,"4,792",economy,193
